tag_ko,tag_en,tag_jp
태그_1,tag_1,タグ_1
태그_2,tag_2,タグ_2
태그_3,tag_3,タグ_3
태그_4,tag_4,タグ_4
태그_5,tag_5,タグ_5
태그_6,tag_6,タグ_6
태그_7,tag_7,タグ_7
태그_8,tag_8,タグ_8
태그_9,tag_9,タグ_9
태그_10,tag_10,タグ_10
태그_11,tag_11,タグ_11
태그_12,tag_12,タグ_12
태그_13,tag_13,タグ_13
태그_14,tag_14,タグ_14
태그_15,tag_15,タグ_15
태그_16,tag_16,タグ_16
태그_17,tag_17,タグ_17
태그_18,tag_18,タグ_18
태그_19,tag_19,タグ_19
태그_20,tag_20,タグ_20
태그_21,tag_21,タグ_21
태그_22,tag_22,タグ_22
태그_23,tag_23,タグ_23
태그_24,tag_24,タグ_24
태그_25,tag_25,タグ_25
태그_26,tag_26,タグ_26
태그_27,tag_27,タグ_27
태그_28,tag_28,タグ_28
태그_29,tag_29,タグ_29
태그_30,tag_30,タグ_30
태그_31,tag_31,タグ_31
태그_32,tag_32,タグ_32
태그_33,tag_33,タグ_33
태그_34,tag_34,タグ_34
태그_35,tag_35,タグ_35
태그_36,tag_36,タグ_36
태그_37,tag_37,タグ_37
태그_38,tag_38,タグ_38
태그_39,tag_39,タグ_39
태그_40,tag_40,タグ_40
태그_41,tag_41,タグ_41
태그_42,tag_42,タグ_42
태그_43,tag_43,タグ_43
태그_44,tag_44,タグ_44
태그_45,tag_45,タグ_45
태그_46,tag_46,タグ_46
태그_47,tag_47,タグ_47
태그_48,tag_48,タグ_48
태그_49,tag_49,タグ_49
태그_50,tag_50,タグ_50
